Day,Close,Volume,MA_20,MA_40
2020-01-01,41.26,1149.1996832,,
2020-01-02,41.57,5119.431567,,
2020-01-03,39.34,6299.3034033,,
2020-01-04,42.17,1828.6137386999999,,
2020-01-05,42.81,6388.3750469,,
2020-01-06,43.27,11740.5172559,,
2020-01-07,45.79,28194.9765208,,
2020-01-08,46.35,17349.4429914,,
2020-01-09,45.43,0.55049,,
2020-01-10,44.92,19922.0849703,,
2020-01-11,48.94,10254.8256177,,
2020-01-12,49.3,8850.650945,,
2020-01-13,51.57,17198.4236014,,
2020-01-14,49.6,47480.2827183,,
2020-01-15,57.7,17447.3614942,,
2020-01-16,58.34,12916.0496433,,
2020-01-17,57.62,19360.3510559,,
2020-01-18,61.02,9419.8578453,,
2020-01-19,59.29,9400.7775536,,
2020-01-20,57.58,8095.5788211,49.1935,
2020-01-21,57.26,14916.631905,49.9935,
2020-01-22,57.51,16747.2755294,50.790499999999994,
2020-01-23,58.06,85.740608,51.7265,
2020-01-24,54.43,10436.9370851,52.3395,
2020-01-25,54.43,4857.8396184,52.920500000000004,
2020-01-26,53.15,5921.4527227,53.4145,
2020-01-27,56.1,7891.0770074,53.92999999999999,
2020-01-28,58.55,9103.3387562,54.54,
2020-01-29,60.67,9432.7211865,55.302,
2020-01-30,59.65,31609.234340400002,56.0385,
2020-01-31,67.83,27994.0674644,56.983000000000004,
2020-02-01,67.9,17938.9849756,57.913,
2020-02-02,70.79,19803.8070383,58.874,
2020-02-03,69.8,25033.3738189,59.884,
2020-02-04,69.74,13194.4687198,60.486000000000004,
2020-02-05,67.78,13891.6106231,60.958000000000006,
2020-02-06,72.81,0.02732,61.717499999999994,
2020-02-07,73.5,6816.5358603,62.341499999999996,
2020-02-08,74.27,10664.8021231,63.0905,
2020-02-09,76.69,6488.2296144,64.04599999999999,56.619749999999996
2020-02-10,77.14,12237.3356603,65.03999999999999,57.51674999999999
2020-02-11,74.26,14357.4070646,65.8775,58.334
2020-02-12,76.82,20704.489913,66.8155,59.271
2020-02-13,81.38,24023.7690393,68.163,60.25124999999999
2020-02-14,80.62,14035.8207274,69.4725,61.1965
2020-02-15,83.38,15807.2146853,70.98400000000001,62.19924999999999
2020-02-16,76.61,17849.5062898,72.0095,62.96975
2020-02-17,74.77,15267.7452123,72.82050000000001,63.68025
2020-02-18,73.49,19850.1144715,73.4615,64.38174999999998
2020-02-19,77.19,29153.4396032,74.3385,65.1885
2020-02-20,70.49,645.5778700000001,74.4715,65.72725
2020-02-21,69.64,7918.6552635,74.5585,66.23575
2020-02-22,73.38,7601.2216825,74.688,66.781
2020-02-23,74.68,5298.762436,74.93199999999999,67.40799999999999
2020-02-24,80.03,20942.7148882,75.4465,67.96625
2020-02-25,75.98,13276.7286502,75.85650000000001,68.40725
2020-02-26,71.0,39994.6356337,75.766,68.74175
2020-02-27,60.42,25397.2029777,75.112,68.72675000000001
2020-02-28,61.46,15953.9906995,74.4715,68.781
2020-02-29,60.0,16188.0335241,73.637,68.84150000000001
2020-03-01,58.06,14121.7072265,72.68299999999999,68.8615
2020-03-02,57.91,21473.1284362,71.8655,68.8715
2020-03-03,61.46,23827.8172042,71.0975,68.9565
2020-03-04,61.35,16059.2728339,70.09599999999999,69.1295
2020-03-05,60.09,22718.483647,69.0695,69.271
2020-03-06,62.23,30266.7909555,68.01199999999999,69.498
2020-03-07,63.49,5537.8394671,67.356,69.68275
2020-03-08,60.41,34552.0512928,66.638,69.72925000000001
2020-03-09,51.08,69647.7033216,65.5175,69.48949999999999
2020-03-10,50.36,49086.2927585,64.176,69.25725
2020-03-11,50.13,29063.8127217,63.157999999999994,68.81474999999999
2020-03-12,48.57,129750.6844515,62.10450000000001,68.3315
2020-03-13,31.27,129510.0733893,59.999,67.3435
2020-03-14,37.89,38922.147389800004,58.1595,66.54575
2020-03-15,34.51,20874.5062461,55.88349999999999,65.665
2020-03-16,36.29,60608.5272071,53.899,64.87775
2020-03-17,33.36,54287.771977,52.016999999999996,63.89149999999999
2020-03-18,34.44,44656.5430987,50.717999999999996,62.915
2020-03-19,34.95,55353.0539174,49.3925,61.932
2020-03-20,39.16,122922.3378746,48.3505,60.99375
2020-03-21,38.02,34328.4317064,47.348499999999994,60.015750000000004
2020-03-22,38.18,45269.9670244,46.362,59.113749999999996
2020-03-23,35.54,60038.7034573,45.065999999999995,58.08175
2020-03-24,39.37,46084.5400682,43.967,57.03150000000001
2020-03-25,40.74,61293.3903446,42.9995,56.034499999999994
2020-03-26,39.45,577.49109,41.8605,54.93625000000001
2020-03-27,39.66,35830.9782945,40.669,54.0125
2020-03-28,37.67,38877.2439577,39.532,53.085
2020-03-29,39.04,6544.0427118,38.93,52.223749999999995
2020-03-30,37.08,16823.2819683,38.266,51.221000000000004
2020-03-31,38.93,18645.694611,37.706,50.432
2020-04-01,39.39,17787.3745463,37.247,49.67575
2020-04-02,39.6,29718.0784871,37.663500000000006,48.83125
2020-04-03,39.87,36311.2264113,37.7625,47.961
2020-04-04,40.56,10940.1715867,38.065,46.97425
2020-04-05,40.91,10572.0715242,38.296,46.0975
2020-04-06,40.42,44828.379171399996,38.649,45.333
2020-04-07,45.07,43036.5888905,39.1805,44.94925
2020-04-08,44.61,26529.7854452,39.6635,44.528000000000006
2020-04-09,46.7,0.0,40.0405,44.195499999999996
2020-04-10,46.73,45129.198772100004,40.476000000000006,43.91225
2020-04-11,42.44,11841.1404202,40.689,43.5255
2020-04-12,42.68,7655.3129688,41.04600000000001,43.056
2020-04-13,41.89,18434.553734600002,41.172000000000004,42.5695
2020-04-14,41.32,6843.6919959,41.201,42.10025
2020-04-15,41.15,8482.4283957,41.285999999999994,41.57325
2020-04-16,38.82,21207.525038300002,41.244,40.9565
2020-04-17,42.6,5190.3536508,41.490500000000004,40.511250000000004
2020-04-18,42.36,8598.1715276,41.6565,40.29325
2020-04-19,44.33,9916.5981445,42.019,40.1425
2020-04-20,42.39,22024.5062317,42.19199999999999,39.949
2020-04-21,40.31,7099.1757429,42.238,39.74249999999999
2020-04-22,40.68,12726.3742569,42.291999999999994,39.97775
2020-04-23,41.88,18.73672,42.3925,40.0775
2020-04-24,43.55,18312.9786815,42.542,40.3035
2020-04-25,44.6,3641.6925209,42.7265,40.51125
2020-04-26,44.44,4481.2877283,42.927499999999995,40.78825
2020-04-27,44.74,11748.7085902,42.911,41.04575
2020-04-28,44.58,10676.112153,42.9095,41.286500000000004
2020-04-29,45.91,20175.752027900002,42.87,41.45525
2020-04-30,48.85,42313.4080129,42.976,41.726
2020-05-01,46.24,18578.5221412,43.166000000000004,41.927499999999995
2020-05-02,47.09,14562.691754899999,43.3865,42.21625
2020-05-03,49.3,16746.8861713,43.757,42.4645
2020-05-04,48.08,12364.8996383,44.095,42.647999999999996
2020-05-05,47.04,6333.2857429,44.389500000000005,42.83775
2020-05-06,46.47,17311.0672204,44.772,43.007999999999996
2020-05-07,44.86,17816.065273,44.885,43.18775
2020-05-08,47.51,18762.7376261,45.1425,43.3995
2020-05-09,47.73,15219.220764,45.3125,43.66575
2020-05-10,46.93,23055.3199563,45.539500000000004,43.86575
2020-05-11,42.15,20676.1578438,45.6315,43.93475
2020-05-12,41.7,12514.3848436,45.6825,43.98725
2020-05-13,42.19,9638.1899476,45.698,44.045249999999996
2020-05-14,43.25,0.54008,45.683,44.1125
2020-05-15,43.99,19323.0830066,45.652499999999996,44.189499999999995
2020-05-16,42.64,9621.4607007,45.5625,44.245
2020-05-17,43.25,4720.2916096,45.488,44.1995
2020-05-18,43.55,21635.2892585,45.436499999999995,44.172999999999995
2020-05-19,45.31,12057.5368727,45.4065,44.13825
2020-05-20,45.75,21366.1423129,45.2515,44.113749999999996
2020-05-21,44.19,5074.9954688,45.148999999999994,44.1575
2020-05-22,42.65,7139.5258192,44.92700000000001,44.15675
2020-05-23,44.24,4315.2651672,44.674,44.215500000000006
2020-05-24,43.88,3863.2631688,44.464000000000006,44.2795
2020-05-25,42.0,7361.2889639,44.212,44.30075
2020-05-26,42.99,5317.8808757,44.038,44.405
2020-05-27,42.32,5559.9292837,43.911,44.398
2020-05-28,43.85,0.0,43.728,44.43525
2020-05-29,44.35,4946.0596384,43.559000000000005,44.43575
2020-05-30,44.5,12133.371513,43.4375,44.4885
2020-05-31,47.75,19072.8238068,43.7175,44.6745
2020-06-01,45.4,10515.2111862,43.9025,44.792500000000004
2020-06-02,48.35,16361.3851139,44.2105,44.954249999999995
2020-06-03,46.01,10451.1192195,44.3485,45.01575
2020-06-04,46.88,12979.9429403,44.493,45.07275
2020-06-05,47.5,6026.2818152,44.736000000000004,45.14925
2020-06-06,46.66,6855.6010607,44.9065,45.197250000000004
2020-06-07,46.82,13023.7140647,45.07000000000001,45.25325
2020-06-08,46.64,10463.6883639,45.1365,45.271499999999996
2020-06-09,46.46,14054.3188286,45.172,45.21175
2020-06-10,45.91,17127.8186839,45.258,45.203500000000005
2020-06-11,46.69,19208.1562255,45.459999999999994,45.1935
2020-06-12,43.2,9863.8569465,45.408,45.041
2020-06-13,44.72,2471.8869686000003,45.45,44.957
2020-06-14,45.1,7309.1129185,45.605,44.908500000000004
2020-06-15,44.13,13728.0544357,45.66199999999999,44.85
2020-06-16,43.76,5817.0604462,45.734,44.8225
2020-06-17,43.85,7447.7197312,45.733999999999995,44.731
2020-06-18,44.04,0.0,45.7185,44.63875
2020-06-19,43.38,5845.9092498,45.6625,44.55
2020-06-20,42.85,3867.1630969,45.4175,44.5675
2020-06-21,43.54,2299.9196731,45.3245,44.6135
2020-06-22,42.92,9007.5407876,45.053,44.631750000000004
2020-06-23,44.35,7104.1785417,44.97,44.65925
2020-06-24,44.16,12184.3775469,44.833999999999996,44.663500000000006
2020-06-25,42.53,5536.843943,44.5855,44.66075
2020-06-26,42.33,10495.722973,44.369,44.63775
2020-06-27,43.05,14395.5987427,44.180499999999995,44.62525
2020-06-28,41.06,6729.7405012,43.9015,44.519000000000005
2020-06-29,41.37,13202.7971631,43.647000000000006,44.4095
2020-06-30,41.94,6089.4029557,43.448499999999996,44.35325
2020-07-01,41.26,6520.6680155,43.177,44.3185
2020-07-02,41.87,0.0,43.110499999999995,44.259249999999994
2020-07-03,41.03,2749.1319177,42.926,44.188
2020-07-04,41.16,2713.6525183,42.729,44.167
2020-07-05,42.15,2208.2510647999998,42.63,44.146
2020-07-06,41.68,13472.0624809,42.525999999999996,44.129999999999995
2020-07-07,44.03,10416.4892334,42.535000000000004,44.134499999999996
2020-07-08,43.32,14622.4898409,42.498999999999995,44.10875
2020-07-09,45.39,13128.6335642,42.5995,44.131
2020-07-10,44.39,13128.7001805,42.676500000000004,44.047000000000004
2020-07-11,44.3,2092.7898116,42.7145,44.0195
2020-07-12,44.69,4939.8725576,42.803,43.928000000000004
2020-07-13,44.69,17959.5453076,42.82,43.895
2020-07-14,43.91,9383.3843168,42.8075,43.82075
2020-07-15,43.91,7820.6846577999995,42.8765,43.731
2020-07-16,43.37,0.0,42.9285,43.64874999999999
2020-07-17,41.99,3023.8062937,42.8755,43.528
2020-07-18,41.91,3317.8185482,42.918,43.40975
2020-07-19,42.48,3730.1618471,42.973499999999994,43.31025
2020-07-20,42.62,8219.3182818,43.0075,43.227999999999994
2020-07-21,42.02,11372.5845203,43.0455,43.11125
2020-07-22,43.84,8223.3930184,43.144,43.127250000000004
2020-07-23,45.09,9382.3918863,43.346999999999994,43.1365
2020-07-24,45.07,8483.843421,43.542500000000004,43.135749999999994
2020-07-25,44.2,20748.7020262,43.644999999999996,43.1375
2020-07-26,48.96,21936.4442565,44.009,43.2675
2020-07-27,48.14,44060.5280621,44.2145,43.37475
2020-07-28,53.77,23324.3495444,44.737,43.618
2020-07-29,56.04,21139.7112752,45.2695,43.9345
2020-07-30,55.36,17147.4222487,45.818,44.247249999999994
2020-07-31,57.08,8773.5639254,46.457,44.585750000000004
2020-08-01,58.33,19788.9806926,47.139,44.971
2020-08-02,61.92,36436.8019998,48.0005,45.410250000000005
2020-08-03,56.68,13697.6476327,48.638999999999996,45.72324999999999
2020-08-04,58.48,11632.9153254,49.36749999999999,46.122
2020-08-05,57.67,13315.784359199999,50.0825,46.5055
2020-08-06,58.87,15289.8633264,50.926500000000004,46.900999999999996
2020-08-07,59.1,21988.5954507,51.786,47.352000000000004
2020-08-08,57.26,10401.6045584,52.525,47.74925
2020-08-09,58.52,4303.9734227,53.32000000000001,48.16375
2020-08-10,57.0,16528.1399722,54.069,48.557249999999996
2020-08-11,58.36,20694.4234087,54.794999999999995,48.9695
2020-08-12,54.16,8130.1543762,55.2485,49.29775
2020-08-13,54.5,17806.6756699,55.720000000000006,49.63125
2020-08-14,57.35,8770.2597357,56.3775,50.01125
2020-08-15,56.78,13233.6077315,56.768499999999996,50.38875
2020-08-16,60.03,18249.7408819,57.363,50.78875000000001
2020-08-17,64.05,32393.7759123,57.876999999999995,51.306999999999995
2020-08-18,67.27,15229.7192732,58.4385,51.854
2020-08-19,65.47,28883.1270533,58.944,52.38099999999999
2020-08-20,62.28,2.04371,59.20399999999999,52.830499999999994
2020-08-21,62.35,12265.0758549,59.404999999999994,53.272000000000006
2020-08-22,59.05,3592.9413702,59.26149999999999,53.63100000000001
2020-08-23,60.41,6346.5767539,59.448,54.043499999999995
2020-08-24,60.59,6909.075492,59.5535,54.4605
2020-08-25,62.1,15763.0470168,59.775,54.92875
2020-08-26,58.29,10643.1875196,59.746,55.33624999999999
2020-08-27,58.2,8.69895,59.701,55.7435
2020-08-28,55.61,4703.3953021,59.6185,56.071749999999994
2020-08-29,57.29,6187.8970845,59.556999999999995,56.4385
2020-08-30,57.06,10478.0311815,59.56,56.814499999999995
2020-08-31,62.92,13745.2265073,59.788,57.2915
2020-09-01,61.01,12910.5116953,60.1305,57.689499999999995
2020-09-02,62.75,13396.6163648,60.54299999999999,58.1315
2020-09-03,58.17,25227.1779016,60.584,58.48075
2020-09-04,47.6,16495.0746513,60.125,58.44675000000001
2020-09-05,50.46,12858.2966099,59.64649999999999,58.50475
2020-09-06,47.71,11870.681982099999,58.829499999999996,58.35325
2020-09-07,47.92,11046.0687115,57.862,58.15024999999999
2020-09-08,48.77,9893.0422638,57.027,57.98549999999999
2020-09-09,47.48,8002.7609722,56.287,57.74549999999999
2020-09-10,47.83,0.0,55.561,57.483000000000004
2020-09-11,48.65,6873.3364127,55.04100000000001,57.15124999999999
2020-09-12,49.1,5432.9951081,54.4755,56.96175000000001
2020-09-13,50.86,5475.5119841,53.98900000000001,56.771249999999995
2020-09-14,48.08,10188.700700899999,53.288,56.531499999999994
2020-09-15,49.07,7730.1024106,52.827,56.286500000000004
2020-09-16,48.31,9737.4174446,52.332499999999996,56.01675
2020-09-17,47.7,7407.7501698,51.937,55.777750000000005
2020-09-18,48.91,6694.8835886,51.517999999999994,55.5375
2020-09-19,48.38,2069.670483,51.084,55.322
2020-09-20,48.47,5901.647003,50.3615,55.074749999999995
2020-09-21,47.09,27536.3572916,49.665499999999994,54.898
2020-09-22,43.23,8903.8249921,48.689499999999995,54.61625
2020-09-23,44.51,15060.8271711,48.0065,54.295249999999996
2020-09-24,42.95,1.5081092,47.774,53.9495
2020-09-25,45.01,12434.9883788,47.5015,53.574
2020-09-26,46.03,2878.4148456,47.417500000000004,53.1235
2020-09-27,46.07,6169.5699558,47.325,52.59349999999999
2020-09-28,46.01,9825.0978964,47.187,52.10699999999999
2020-09-29,45.29,3633.9702093,47.0775,51.682249999999996
2020-09-30,45.67,4093.7528147,46.9695,51.26525
2020-10-01,46.32,11767.4002753,46.853,50.947
2020-10-02,46.16,22262.6589655,46.706,50.59075
2020-10-03,44.92,4744.7888373,46.409000000000006,50.199
2020-10-04,45.57,4744.6316428,46.2835,49.78575
2020-10-05,46.67,7722.8382759999995,46.1635,49.49525
2020-10-06,46.37,17314.7671482,46.0665,49.1995
2020-10-07,45.98,7620.9210441000005,45.9805,48.95875
2020-10-08,46.63,6072.1278063,45.866499999999995,48.69225
2020-10-09,47.15,6844.7901191,45.80499999999999,48.4445
2020-10-10,47.82,16030.628085800001,45.772499999999994,48.067
2020-10-11,48.87,13225.1397283,45.8615,47.7635
2020-10-12,50.47,18456.2671448,46.2235,47.4565
2020-10-13,50.65,9009.8593277,46.5305,47.2685
2020-10-14,49.96,9218.550903899999,46.881,47.3275
2020-10-15,49.88,6589.1329889,47.1245,47.313
2020-10-16,49.53,45308.2252241,47.2995,47.3585
2020-10-17,47.7,8816.6181246,47.381,47.352999999999994
2020-10-18,46.76,3125.4123917,47.4185,47.302749999999996
2020-10-19,47.6,9251.1683453,47.534,47.30575
2020-10-20,48.04,4412.6652017999995,47.6525,47.311
2020-10-21,46.91,23958.0784903,47.682,47.2675
2020-10-22,53.13,18993.8138941,48.0305,47.36825
2020-10-23,54.51,14090.2057732,48.51,47.4595
2020-10-24,55.5,16000.9236805,49.0065,47.644999999999996
2020-10-25,59.21,14628.1318479,49.633500000000005,47.8985
2020-10-26,58.9,16609.646999,50.260000000000005,48.163250000000005
2020-10-27,56.91,12717.4935239,50.8065,48.3935
2020-10-28,57.99,23990.0505396,51.3745,48.6205
2020-10-29,55.88,15763.3023997,51.811,48.80800000000001
2020-10-30,54.89,11932.1583712,52.1645,48.9685
2020-10-31,54.17,6929.5448432,52.4295,49.1455
2020-11-01,55.89,8071.2968741,52.7005,49.461999999999996
2020-11-02,55.5,13018.943003800001,52.943,49.736749999999994
2020-11-03,53.97,17911.2637107,53.143499999999996,50.01225
2020-11-04,53.95,10385.2040295,53.347,50.23575
2020-11-05,54.72,21511.3981921,53.606500000000004,50.452999999999996
2020-11-06,59.03,36609.3230946,54.173,50.777
2020-11-07,63.49,26279.768079,55.0095,51.214
2020-11-08,58.84,9279.4243866,55.5715,51.55275
2020-11-09,61.01,12998.9354751,56.220000000000006,51.936249999999994
2020-11-10,59.3,12771.8235297,56.8395,52.260749999999994
2020-11-11,57.99,10204.8459121,57.082499999999996,52.55649999999999
2020-11-12,59.39,14.07062,57.326499999999996,52.91825
2020-11-13,60.76,29887.8700231,57.5895,53.298
2020-11-14,66.05,19078.6226455,57.93150000000001,53.782500000000006
2020-11-15,63.94,13960.1496794,58.1835,54.22175000000001
2020-11-16,62.19,49000.4430003,58.44749999999999,54.626999999999995
2020-11-17,73.81,51952.5338653,59.2385,55.30650000000001
2020-11-18,76.4,46118.3225688,60.2645,56.037749999999996
2020-11-19,73.5,37125.5995346,61.19499999999999,56.67974999999999
2020-11-20,81.65,44316.3717536,62.569,57.499249999999996
2020-11-21,82.65,45106.6509649,63.907000000000004,58.30375
2020-11-22,87.21,22370.4869229,65.49249999999999,59.21775
2020-11-23,83.45,41236.6613656,66.9665,60.05499999999999
2020-11-24,89.25,49139.1850146,68.7315,61.039249999999996
2020-11-25,89.5,26412.8310334,70.47049999999999,62.0385
2020-11-26,81.69,91595.3464255,71.6035,62.88824999999999
2020-11-27,71.22,42639.2734642,71.99,63.499750000000006
2020-11-28,69.31,27109.2063249,72.5135,64.0425
2020-11-29,72.62,31776.742981,73.09400000000001,64.65700000000001
2020-11-30,79.3,52341.1235396,74.09400000000001,65.46675
2020-12-01,87.77,85939.3380782,75.583,66.33275
2020-12-02,84.97,30814.5028083,76.862,67.09425
2020-12-03,88.99,31933.9996831,78.2735,67.9315
2020-12-04,89.03,31244.602395500002,79.4225,68.67699999999999
2020-12-05,79.5,12875.3254041,80.2005,69.192
2020-12-06,83.33,14667.6594201,81.25750000000001,69.85249999999999
2020-12-07,83.76,27332.3468856,81.755,70.49674999999999
2020-12-08,83.65,25028.0040832,82.1175,71.191
2020-12-09,76.79,32618.8004329,82.28200000000001,71.7385
2020-12-10,77.52,71.19148,82.0755,72.32225000000001
2020-12-11,74.66,24846.3392423,81.676,72.7915
2020-12-12,72.17,13774.9241961,80.924,73.20824999999999
2020-12-13,76.69,27641.9123905,80.586,73.77625
2020-12-14,82.24,25381.1771551,80.2355,74.48349999999999
2020-12-15,82.46,28621.259162,79.8835,75.17699999999999
2020-12-16,81.5,62637.9146686,79.874,75.73875
2020-12-17,93.1,72123.0684399,80.96799999999999,76.479
2020-12-18,101.19,38768.190178,82.562,77.53774999999999
2020-12-19,109.78,50037.2571916,84.41999999999999,78.757
2020-12-20,119.64,45389.4811043,86.437,80.2655
2020-12-21,114.72,61530.6040685,87.78450000000001,81.68375
2020-12-22,104.99,44993.6280237,88.78549999999998,82.82374999999999
2020-12-23,114.36,46739.0800684,90.054,84.16375000000001
2020-12-24,102.13,38484.4479051,90.70899999999999,85.06575
2020-12-25,111.31,37683.3979723,92.2995,86.25
2020-12-26,127.85,33384.494786100004,94.5255,87.89150000000001
2020-12-27,129.57,33989.7367506,96.816,89.28549999999998
2020-12-28,127.38,35749.8576388,99.0025,90.56
2020-12-29,129.65,26970.0026097,101.6455,91.96375
2020-12-30,129.28,26799.9779427,104.2335,93.15450000000001
2020-12-31,130.11,24910.8545268,107.006,94.341
2021-01-01,124.53,24344.5534826,109.624,95.274
2021-01-02,126.36,46982.1918486,112.10749999999999,96.34675000000001
2021-01-03,137.16,48900.077201,114.85350000000001,97.5445
2021-01-04,162.73,90228.8740387,118.867,99.37525000000001
2021-01-05,156.25,53099.2211972,122.6045,101.23925
2021-01-06,159.36,49382.6634935,125.91749999999999,103.44275
2021-01-07,169.69,66754.2332265,129.3425,105.95225
2021-01-08,170.69,59582.1747247,132.38799999999998,108.404
2021-01-09,173.35,28636.044345000002,135.0735,110.75525
2021-01-10,179.02,55034.1062005,138.2885,113.0365
2021-01-11,170.61,204353.8343832,141.5695,115.17750000000001
2021-01-12,139.0,65804.8463087,142.8015,116.42775000000002
2021-01-13,133.19,32065.1006051,144.3545,117.53174999999999
2021-01-14,147.67,31411.0354449,146.1725,119.23599999999999
2021-01-15,152.51,42990.2441861,147.40550000000002,120.96549999999999
2021-01-16,143.67,25113.4950215,148.1105,122.46325000000002
2021-01-17,143.0,16681.1862062,148.8915,123.947
2021-01-18,143.08,43500.4848031,149.563,125.60425000000001
2021-01-19,152.85,53669.3563105,150.7415,127.4875
2021-01-20,151.65,33062.8594658,151.8185,129.41225
2021-01-21,149.8,32283.6191803,153.082,131.353
2021-01-22,129.14,42499.2212805,153.221,132.66424999999998
2021-01-23,137.28,32669.159614,153.227,134.04025
2021-01-24,137.78,18156.4620575,151.97949999999997,135.42325
2021-01-25,141.26,29251.258961,151.23,136.91725000000002
2021-01-26,137.0,17774.1436408,150.11200000000002,138.01475
2021-01-27,134.69,29003.5619596,148.36200000000002,138.85225
2021-01-28,122.98,34682.5770308,145.97650000000002,139.18225
2021-01-29,134.67,35274.8901443,144.0425,139.558
2021-01-30,135.3,28952.6781437,141.8565,140.0725
2021-01-31,133.52,24952.2607794,140.002,140.78575
2021-02-01,129.46,27362.377282,139.525,141.16325
2021-02-02,132.09,45608.5377829,139.47,141.91225
2021-02-03,142.86,35088.683499,139.22949999999997,142.701
2021-02-04,157.0,38857.7694478,139.454,143.42975
2021-02-05,145.07,29445.9971037,139.524,143.81725
2021-02-06,155.13,39290.8866596,140.1305,144.511
2021-02-07,155.5,31532.3418832,140.75150000000002,145.15725
2021-02-08,151.12,48808.2388334,140.66500000000002,145.70325
2021-02-09,168.77,42848.966851,141.52100000000002,146.66975
2021-02-10,184.06,65081.9356789,143.23399999999998,148.158
2021-02-11,182.42,38607.5466124,145.898,149.5595
2021-02-12,184.63,49851.8565725,148.2655,150.74625
2021-02-13,197.56,75558.730594,151.2545,151.61700000000002
2021-02-14,227.14,42629.6843948,155.5485,153.38925
2021-02-15,214.92,74624.5084485,159.4445,154.77825
2021-02-16,208.42,42801.4263355,163.131,155.7465
2021-02-17,210.65,56031.8850669,167.5145,156.7455
2021-02-18,238.0,39288.4912217,172.681,158.36174999999997
2021-02-19,227.31,41200.6796941,177.2815,159.56900000000002
2021-02-20,237.43,37318.6508709,182.477,161.2395
2021-02-21,227.87,18959.2220815,187.39749999999998,163.46125
2021-02-22,227.58,64555.9720259,192.172,165.821
2021-02-23,208.73,100878.9135408,195.46550000000002,167.3475
2021-02-24,177.58,60426.9085765,196.49450000000002,167.97424999999998
2021-02-25,181.78,55536.6344765,198.32999999999998,168.927
2021-02-26,178.41,63091.1215644,199.494,169.81225
2021-02-27,170.92,20997.4586323,200.265,170.50825
2021-02-28,170.9,38810.2181823,201.254,170.9595
2021-03-01,165.43,28174.5517747,201.08700000000002,171.304
2021-03-02,176.3,30768.4395288,200.699,171.9665
2021-03-03,178.54,48407.8201509,200.505,173.2015
2021-03-04,187.0,33928.9434451,200.62349999999998,174.4445
2021-03-05,180.41,40504.9103226,199.76600000000002,175.51024999999998
2021-03-06,180.33,24406.3881675,197.4255,176.487
2021-03-07,183.35,16098.3633351,195.847,177.64575
2021-03-08,190.96,31157.9002489,194.974,179.0525
2021-03-09,192.69,31999.1973378,194.076,180.79525
2021-03-10,205.15,38612.1337087,192.4335,182.55725
2021-03-11,201.05,37000.0600488,191.1205,184.201
2021-03-12,202.0,61854.8200163,189.349,185.91299999999998
2021-03-13,220.92,39613.8664056,189.00150000000002,188.1995
2021-03-14,226.42,29385.1382985,188.9435,190.55775
2021-03-15,214.92,64256.3959126,189.25300000000001,192.35925
2021-03-16,200.28,33819.2638916,190.38799999999998,193.44125
2021-03-17,202.22,22584.1582669,191.41000000000003,194.87
2021-03-18,206.76,19546.7520288,192.8275,196.16075
2021-03-19,199.59,12507.0357537,194.26100000000002,197.263
2021-03-20,199.82,13746.5438222,195.707,198.4805
2021-03-21,199.89,11097.5555945,197.43,199.25849999999997
2021-03-22,195.8,22058.8490949,198.405,199.552
2021-03-23,185.96,16061.6524024,198.776,199.6405
2021-03-24,185.45,35791.4525035,198.69850000000002,199.661
2021-03-25,175.7,24256.8763454,198.463,199.1145
2021-03-26,171.79,18287.5880803,198.036,197.73075
2021-03-27,184.23,11394.4382966,198.07999999999998,196.9635
2021-03-28,183.98,11314.9762638,197.731,196.35250000000002
2021-03-29,184.49,15255.1709471,197.32099999999997,195.69850000000002
2021-03-30,194.31,18709.4690065,196.779,194.60625
2021-03-31,195.65,19487.22636,196.509,193.81475
2021-04-01,197.11,22335.7411595,196.2645,192.80675
2021-04-02,202.89,23737.2917884,195.363,192.18225
2021-04-03,211.93,22853.7743911,194.6385,191.791
2021-04-04,192.95,16839.7006652,193.54,191.3965
2021-04-05,202.82,41481.3526631,193.667,192.0275
2021-04-06,222.0,124269.9562522,194.656,193.033
2021-04-07,237.18,124081.40246,196.177,194.50225
2021-04-08,219.58,59981.6378381,197.17649999999998,195.71875
2021-04-09,226.13,28042.7880824,198.49200000000002,197.0995
2021-04-10,220.69,72366.5204132,199.53199999999998,198.481
2021-04-11,257.0,50732.2120073,202.592,200.49849999999998
2021-04-12,252.7,51694.0798602,205.929,202.3525
2021-04-13,245.44,34306.4740191,208.92849999999999,203.8135
2021-04-14,267.69,60768.444264,213.52800000000002,205.9955
2021-04-15,280.57,46546.0406713,218.967,208.5015
2021-04-16,287.36,91748.285649,224.1235,211.10174999999998
2021-04-17,310.6,76238.4279766,230.4545,214.09275000000002
2021-04-18,303.25,134911.0124377,236.3925,216.85675
2021-04-19,274.95,73570.0684591,240.4245,218.60174999999998
2021-04-20,263.57,609.36429,243.82049999999998,220.16475
